[Header],,
Local Run Manager Analysis Id,1001,
Experiment Name,A20211105,
Date,10/25/21,
Module,GenerateFASTQ - 3.0.1,
Workflow,GenerateFASTQ,
Library Prep Kit,Custom,
Index Kit,Custom,
Chemistry,Amplicon,
iemfileversion,5,
application,FASTQ Only,
instrument type,NovaSeq,
index adapters,10,
,,
[Reads],,
151,,
151,,
,,
[Settings],,
reversecomplement,0,
,,
[Data],,
Sample_ID,index,index2
SQ0072733,ACTTGGCGTA,TTCGGCTCCG
SQ0072797,CCGTCATGGA,AACGTCTCCG
SQ0075645,CAAGTCACTT,CATAAACGTC
SQ0072734,TTCAGGCGGG,CAGTGGTCGG
SQ0072798,TTGTGCCTGT,ACTTATTAAT
SQ0075646,AAGACGAAAG,TTCGGTTATT
SQ0072735,GCCCAAAGGT,CACCTCTCTT
SQ0072799,ATTGCGACTT,GTCTCAGAGT
SQ0075647,ATAGTCGATC,ATAGCAGGTG
SQ0072736,AGATTATGCT,ATATCACCGG
SQ0072800,CTCAGCGAGA,ACTGGTCGAG